https://kpchardware.com/index.php?id_category=99&controller=category, placa base, placa, motherboard, mobo, tarjeta madre
https://kpchardware.com/index.php?id_category=100&controller=category, cpu, procesador
https://kpchardware.com/index.php?id_category=101&controller=category, ram, memoria
https://kpchardware.com/index.php?id_category=102&controller=category, gpu, tarjeta grafica, grafica
https://kpchardware.com/index.php?id_category=103&controller=category
https://kpchardware.com/index.php?id_category=104&controller=category
https://kpchardware.com/index.php?id_category=105&controller=category
https://kpchardware.com/index.php?id_category=106&controller=category
https://kpchardware.com/index.php?id_category=107&controller=category
https://kpchardware.com/index.php?id_category=108&controller=category
https://kpchardware.com/index.php?id_category=109&controller=category
https://kpchardware.com/index.php?id_category=110&controller=category
https://kpchardware.com/index.php?id_category=122&controller=category
https://kpchardware.com/index.php?id_category=111&controller=category
https://kpchardware.com/index.php?id_category=189&controller=category
https://kpchardware.com/index.php?id_category=112&controller=category
https://kpchardware.com/index.php?id_category=113&controller=category
https://kpchardware.com/index.php?id_category=117&controller=category, sin productosss
https://kpchardware.com/index.php?id_category=115&controller=category
https://kpchardware.com/index.php?id_category=116&controller=category
https://kpchardware.com/index.php?id_category=130&controller=category
https://kpchardware.com/index.php?id_category=118&controller=category
https://kpchardware.com/index.php?id_category=119&controller=category
https://kpchardware.com/index.php?id_category=120&controller=category, 1 productosss
https://kpchardware.com/index.php?id_category=121&controller=category
https://kpchardware.com/index.php?id_category=133&controller=category, sin productosss
https://kpchardware.com/index.php?id_category=136&controller=category
https://kpchardware.com/index.php?id_category=137&controller=category, sin productosss
https://kpchardware.com/index.php?id_category=138&controller=category, sin productosss
https://kpchardware.com/index.php?id_category=151&controller=category, sin productosss
https://kpchardware.com/index.php?id_category=152&controller=category
https://kpchardware.com/index.php?id_category=153&controller=category
https://kpchardware.com/index.php?id_category=154&controller=category, sin productosss
https://kpchardware.com/index.php?id_category=162&controller=category
https://kpchardware.com/index.php?id_category=225&controller=category


